Childhood,https://res.cloudinary.com/vishwa-website/image/upload/q_20/v1473798457/gallery/images/childhood/1.jpg,https://res.cloudinary.com/vishwa-website/image/upload/v1473800490/gallery/thumbs/childhood/1.jpg
Childhood,https://res.cloudinary.com/vishwa-website/image/upload/q_20/v1473798459/gallery/images/childhood/2.jpg,https://res.cloudinary.com/vishwa-website/image/upload/v1473800490/gallery/thumbs/childhood/2.jpg
Childhood,https://res.cloudinary.com/vishwa-website/image/upload/q_20/v1473798450/gallery/images/childhood/3.jpg,https://res.cloudinary.com/vishwa-website/image/upload/v1473800483/gallery/thumbs/childhood/3.jpg
Childhood,https://res.cloudinary.com/vishwa-website/image/upload/q_20/v1473798442/gallery/images/childhood/4.jpg,https://res.cloudinary.com/vishwa-website/image/upload/v1473800483/gallery/thumbs/childhood/4.jpg
Childhood,https://res.cloudinary.com/vishwa-website/image/upload/q_20/v1473798473/gallery/images/childhood/5.jpg,https://res.cloudinary.com/vishwa-website/image/upload/v1473800483/gallery/thumbs/childhood/5.jpg
Childhood,https://res.cloudinary.com/vishwa-website/image/upload/q_20/v1473798445/gallery/images/childhood/6.jpg,https://res.cloudinary.com/vishwa-website/image/upload/v1473800483/gallery/thumbs/childhood/6.jpg
Childhood,https://res.cloudinary.com/vishwa-website/image/upload/q_20/v1473798455/gallery/images/childhood/7.jpg,https://res.cloudinary.com/vishwa-website/image/upload/v1473800483/gallery/thumbs/childhood/7.jpg
Childhood,https://res.cloudinary.com/vishwa-website/image/upload/q_20/v1473798581/gallery/images/childhood/8.jpg,https://res.cloudinary.com/vishwa-website/image/upload/v1473800484/gallery/thumbs/childhood/8.jpg
Childhood,https://res.cloudinary.com/vishwa-website/image/upload/q_20/v1473798489/gallery/images/childhood/9.jpg,https://res.cloudinary.com/vishwa-website/image/upload/v1473800483/gallery/thumbs/childhood/9.jpg
Childhood,https://res.cloudinary.com/vishwa-website/image/upload/q_20/v1473798462/gallery/images/childhood/10.jpg,https://res.cloudinary.com/vishwa-website/image/upload/v1473800484/gallery/thumbs/childhood/10.jpg
Childhood,https://res.cloudinary.com/vishwa-website/image/upload/q_20/v1473798459/gallery/images/childhood/11.jpg,https://res.cloudinary.com/vishwa-website/image/upload/v1473800484/gallery/thumbs/childhood/11.jpg
Childhood,https://res.cloudinary.com/vishwa-website/image/upload/q_20/v1473798466/gallery/images/childhood/12.jpg,https://res.cloudinary.com/vishwa-website/image/upload/v1473800484/gallery/thumbs/childhood/12.jpg
Childhood,https://res.cloudinary.com/vishwa-website/image/upload/q_20/v1473798525/gallery/images/childhood/13.jpg,https://res.cloudinary.com/vishwa-website/image/upload/v1473800484/gallery/thumbs/childhood/13.jpg
Childhood,https://res.cloudinary.com/vishwa-website/image/upload/q_20/v1473798516/gallery/images/childhood/14.jpg,https://res.cloudinary.com/vishwa-website/image/upload/v1473800485/gallery/thumbs/childhood/14.jpg
Childhood,https://res.cloudinary.com/vishwa-website/image/upload/q_20/v1473798472/gallery/images/childhood/15.jpg,https://res.cloudinary.com/vishwa-website/image/upload/v1473800484/gallery/thumbs/childhood/15.jpg
Childhood,https://res.cloudinary.com/vishwa-website/image/upload/q_20/v1473798538/gallery/images/childhood/17.jpg,https://res.cloudinary.com/vishwa-website/image/upload/v1473800485/gallery/thumbs/childhood/17.jpg
Childhood,https://res.cloudinary.com/vishwa-website/image/upload/q_20/v1473798553/gallery/images/childhood/18.jpg,https://res.cloudinary.com/vishwa-website/image/upload/v1473800486/gallery/thumbs/childhood/18.jpg
Childhood,https://res.cloudinary.com/vishwa-website/image/upload/q_20/v1473798562/gallery/images/childhood/19.jpg,https://res.cloudinary.com/vishwa-website/image/upload/v1473800485/gallery/thumbs/childhood/19.jpg
Childhood,https://res.cloudinary.com/vishwa-website/image/upload/q_20/v1473798515/gallery/images/childhood/20.jpg,https://res.cloudinary.com/vishwa-website/image/upload/v1473800486/gallery/thumbs/childhood/20.jpg
Childhood,https://res.cloudinary.com/vishwa-website/image/upload/q_20/v1473798537/gallery/images/childhood/21.jpg,https://res.cloudinary.com/vishwa-website/image/upload/v1473800486/gallery/thumbs/childhood/21.jpg
Childhood,https://res.cloudinary.com/vishwa-website/image/upload/q_20/v1473798532/gallery/images/childhood/22.jpg,https://res.cloudinary.com/vishwa-website/image/upload/v1473800486/gallery/thumbs/childhood/22.jpg
Childhood,https://res.cloudinary.com/vishwa-website/image/upload/q_20/v1473798532/gallery/images/childhood/23.jpg,https://res.cloudinary.com/vishwa-website/image/upload/v1473800486/gallery/thumbs/childhood/23.jpg
Childhood,https://res.cloudinary.com/vishwa-website/image/upload/q_20/v1473798547/gallery/images/childhood/24.jpg,https://res.cloudinary.com/vishwa-website/image/upload/v1473800486/gallery/thumbs/childhood/24.jpg
Childhood,https://res.cloudinary.com/vishwa-website/image/upload/q_20/v1473798527/gallery/images/childhood/25.jpg,https://res.cloudinary.com/vishwa-website/image/upload/v1473800487/gallery/thumbs/childhood/25.jpg
Childhood,https://res.cloudinary.com/vishwa-website/image/upload/q_20/v1473798603/gallery/images/childhood/26.jpg,https://res.cloudinary.com/vishwa-website/image/upload/v1473800487/gallery/thumbs/childhood/26.jpg
Childhood,https://res.cloudinary.com/vishwa-website/image/upload/q_20/v1473798548/gallery/images/childhood/27.jpg,https://res.cloudinary.com/vishwa-website/image/upload/v1473800487/gallery/thumbs/childhood/27.jpg
Childhood,https://res.cloudinary.com/vishwa-website/image/upload/q_20/v1473798574/gallery/images/childhood/28.jpg,https://res.cloudinary.com/vishwa-website/image/upload/v1473800487/gallery/thumbs/childhood/28.jpg
Childhood,https://res.cloudinary.com/vishwa-website/image/upload/q_20/v1473798560/gallery/images/childhood/29.jpg,https://res.cloudinary.com/vishwa-website/image/upload/v1473800488/gallery/thumbs/childhood/29.jpg
Childhood,https://res.cloudinary.com/vishwa-website/image/upload/q_20/v1473798573/gallery/images/childhood/30.jpg,https://res.cloudinary.com/vishwa-website/image/upload/v1473800487/gallery/thumbs/childhood/30.jpg
Childhood,https://res.cloudinary.com/vishwa-website/image/upload/q_20/v1473798597/gallery/images/childhood/31.jpg,https://res.cloudinary.com/vishwa-website/image/upload/v1473800488/gallery/thumbs/childhood/31.jpg
Childhood,https://res.cloudinary.com/vishwa-website/image/upload/q_20/v1473798570/gallery/images/childhood/32.jpg,https://res.cloudinary.com/vishwa-website/image/upload/v1473800488/gallery/thumbs/childhood/32.jpg
Childhood,https://res.cloudinary.com/vishwa-website/image/upload/q_20/v1473798627/gallery/images/childhood/33.jpg,https://res.cloudinary.com/vishwa-website/image/upload/v1473800492/gallery/thumbs/childhood/33.jpg
Childhood,https://res.cloudinary.com/vishwa-website/image/upload/q_20/v1473798664/gallery/images/childhood/34.jpg,https://res.cloudinary.com/vishwa-website/image/upload/v1473800488/gallery/thumbs/childhood/34.jpg
Childhood,https://res.cloudinary.com/vishwa-website/image/upload/q_20/v1473798676/gallery/images/childhood/35.jpg,https://res.cloudinary.com/vishwa-website/image/upload/v1473800488/gallery/thumbs/childhood/35.jpg
Childhood,https://res.cloudinary.com/vishwa-website/image/upload/q_20/v1473798662/gallery/images/childhood/36.jpg,https://res.cloudinary.com/vishwa-website/image/upload/v1473800489/gallery/thumbs/childhood/36.jpg
Childhood,https://res.cloudinary.com/vishwa-website/image/upload/q_20/v1473798653/gallery/images/childhood/37.jpg,https://res.cloudinary.com/vishwa-website/image/upload/v1473800489/gallery/thumbs/childhood/37.jpg
Childhood,https://res.cloudinary.com/vishwa-website/image/upload/q_20/v1473798682/gallery/images/childhood/38.jpg,https://res.cloudinary.com/vishwa-website/image/upload/v1473800489/gallery/thumbs/childhood/38.jpg
Childhood,https://res.cloudinary.com/vishwa-website/image/upload/q_20/v1473798680/gallery/images/childhood/39.jpg,https://res.cloudinary.com/vishwa-website/image/upload/v1473800489/gallery/thumbs/childhood/39.jpg
Childhood,https://res.cloudinary.com/vishwa-website/image/upload/q_20/v1473798661/gallery/images/childhood/40.jpg,https://res.cloudinary.com/vishwa-website/image/upload/v1473800489/gallery/thumbs/childhood/40.jpg
PreSchool,https://res.cloudinary.com/vishwa-website/image/upload/q_20/v1473799857/gallery/images/preSchool/1.jpg,https://res.cloudinary.com/vishwa-website/image/upload/v1473800613/gallery/thumbs/preSchool/1.jpg
PreSchool,https://res.cloudinary.com/vishwa-website/image/upload/q_20/v1473799864/gallery/images/preSchool/2.jpg,https://res.cloudinary.com/vishwa-website/image/upload/v1473800613/gallery/thumbs/preSchool/2.jpg
PreSchool,https://res.cloudinary.com/vishwa-website/image/upload/q_20/v1473799898/gallery/images/preSchool/3.jpg,https://res.cloudinary.com/vishwa-website/image/upload/v1473800614/gallery/thumbs/preSchool/3.jpg
PreSchool,https://res.cloudinary.com/vishwa-website/image/upload/q_20/v1473799911/gallery/images/preSchool/4.jpg,https://res.cloudinary.com/vishwa-website/image/upload/v1473800614/gallery/thumbs/preSchool/4.jpg
PreSchool,https://res.cloudinary.com/vishwa-website/image/upload/q_20/v1473799819/gallery/images/preSchool/5.jpg,https://res.cloudinary.com/vishwa-website/image/upload/v1473800614/gallery/thumbs/preSchool/5.jpg
PreSchool,https://res.cloudinary.com/vishwa-website/image/upload/q_20/v1473799830/gallery/images/preSchool/6.jpg,https://res.cloudinary.com/vishwa-website/image/upload/v1473800615/gallery/thumbs/preSchool/6.jpg
PreSchool,https://res.cloudinary.com/vishwa-website/image/upload/q_20/v1473799817/gallery/images/preSchool/7.jpg,https://res.cloudinary.com/vishwa-website/image/upload/v1473800614/gallery/thumbs/preSchool/7.jpg
PreSchool,https://res.cloudinary.com/vishwa-website/image/upload/q_20/v1473799780/gallery/images/preSchool/8.jpg,https://res.cloudinary.com/vishwa-website/image/upload/v1473800614/gallery/thumbs/preSchool/8.jpg
PreSchool,https://res.cloudinary.com/vishwa-website/image/upload/q_20/v1473799823/gallery/images/preSchool/9.jpg,https://res.cloudinary.com/vishwa-website/image/upload/v1473800615/gallery/thumbs/preSchool/9.jpg
PreSchool,https://res.cloudinary.com/vishwa-website/image/upload/q_20/v1473799871/gallery/images/preSchool/10.jpg,https://res.cloudinary.com/vishwa-website/image/upload/v1473800615/gallery/thumbs/preSchool/10.jpg
PreSchool,https://res.cloudinary.com/vishwa-website/image/upload/q_20/v1473799851/gallery/images/preSchool/11.jpg,https://res.cloudinary.com/vishwa-website/image/upload/v1473800615/gallery/thumbs/preSchool/11.jpg
PreSchool,https://res.cloudinary.com/vishwa-website/image/upload/q_20/v1473799891/gallery/images/preSchool/12.jpg,https://res.cloudinary.com/vishwa-website/image/upload/v1473800615/gallery/thumbs/preSchool/12.jpg
PreSchool,https://res.cloudinary.com/vishwa-website/image/upload/q_20/v1473799831/gallery/images/preSchool/13.jpg,https://res.cloudinary.com/vishwa-website/image/upload/v1473800615/gallery/thumbs/preSchool/13.jpg
School,https://res.cloudinary.com/vishwa-website/image/upload/q_20/v1473799981/gallery/images/school/1.jpg,https://res.cloudinary.com/vishwa-website/image/upload/v1473800213/gallery/thumbs/school/1.jpg
School,https://res.cloudinary.com/vishwa-website/image/upload/q_20/v1473799974/gallery/images/school/2.jpg,https://res.cloudinary.com/vishwa-website/image/upload/v1473800213/gallery/thumbs/school/2.jpg
School,https://res.cloudinary.com/vishwa-website/image/upload/q_20/v1473799980/gallery/images/school/3.jpg,https://res.cloudinary.com/vishwa-website/image/upload/v1473800214/gallery/thumbs/school/3.jpg
School,https://res.cloudinary.com/vishwa-website/image/upload/q_20/v1473799977/gallery/images/school/4.jpg,https://res.cloudinary.com/vishwa-website/image/upload/v1473800214/gallery/thumbs/school/4.jpg
School,https://res.cloudinary.com/vishwa-website/image/upload/q_20/v1473800036/gallery/images/school/5.jpg,https://res.cloudinary.com/vishwa-website/image/upload/v1473800213/gallery/thumbs/school/5.jpg
School,https://res.cloudinary.com/vishwa-website/image/upload/q_20/v1473800032/gallery/images/school/6.jpg,https://res.cloudinary.com/vishwa-website/image/upload/v1473800213/gallery/thumbs/school/6.jpg
School,https://res.cloudinary.com/vishwa-website/image/upload/q_20/v1473800006/gallery/images/school/7.jpg,https://res.cloudinary.com/vishwa-website/image/upload/v1473800213/gallery/thumbs/school/7.jpg
School,https://res.cloudinary.com/vishwa-website/image/upload/q_20/v1473800012/gallery/images/school/8.jpg,https://res.cloudinary.com/vishwa-website/image/upload/v1473800213/gallery/thumbs/school/8.jpg
Afterschool,https://res.cloudinary.com/vishwa-website/image/upload/q_20/v1473799126/gallery/images/hdcs/1.jpg,https://res.cloudinary.com/vishwa-website/image/upload/v1473800533/gallery/thumbs/hdcs/1.jpg
Afterschool,https://res.cloudinary.com/vishwa-website/image/upload/q_20/v1473799139/gallery/images/hdcs/2.jpg,https://res.cloudinary.com/vishwa-website/image/upload/v1473800532/gallery/thumbs/hdcs/2.jpg
Afterschool,https://res.cloudinary.com/vishwa-website/image/upload/q_20/v1473799149/gallery/images/hdcs/3.jpg,https://res.cloudinary.com/vishwa-website/image/upload/v1473800530/gallery/thumbs/hdcs/3.jpg
Afterschool,https://res.cloudinary.com/vishwa-website/image/upload/q_20/v1473799128/gallery/images/hdcs/4.jpg,https://res.cloudinary.com/vishwa-website/image/upload/v1473800531/gallery/thumbs/hdcs/4.jpg
Afterschool,https://res.cloudinary.com/vishwa-website/image/upload/q_20/v1473799150/gallery/images/hdcs/5.jpg,https://res.cloudinary.com/vishwa-website/image/upload/v1473800530/gallery/thumbs/hdcs/5.jpg
Afterschool,https://res.cloudinary.com/vishwa-website/image/upload/q_20/v1473799116/gallery/images/hdcs/6.jpg,https://res.cloudinary.com/vishwa-website/image/upload/v1473800530/gallery/thumbs/hdcs/6.jpg
Afterschool,https://res.cloudinary.com/vishwa-website/image/upload/q_20/v1473799120/gallery/images/hdcs/7.jpg,https://res.cloudinary.com/vishwa-website/image/upload/v1473800530/gallery/thumbs/hdcs/7.jpg
Afterschool,https://res.cloudinary.com/vishwa-website/image/upload/q_20/v1473799120/gallery/images/hdcs/8.jpg,https://res.cloudinary.com/vishwa-website/image/upload/v1473800531/gallery/thumbs/hdcs/8.jpg
Afterschool,https://res.cloudinary.com/vishwa-website/image/upload/q_20/v1473799121/gallery/images/hdcs/9.jpg,https://res.cloudinary.com/vishwa-website/image/upload/v1473800531/gallery/thumbs/hdcs/9.jpg
Afterschool,https://res.cloudinary.com/vishwa-website/image/upload/q_20/v1473799125/gallery/images/hdcs/10.jpg,https://res.cloudinary.com/vishwa-website/image/upload/v1473800532/gallery/thumbs/hdcs/10.jpg
Afterschool,https://res.cloudinary.com/vishwa-website/image/upload/q_20/v1473799122/gallery/images/hdcs/11.jpg,https://res.cloudinary.com/vishwa-website/image/upload/v1473800532/gallery/thumbs/hdcs/11.jpg
Afterschool,https://res.cloudinary.com/vishwa-website/image/upload/q_20/v1473799140/gallery/images/hdcs/12.jpg,https://res.cloudinary.com/vishwa-website/image/upload/v1473800532/gallery/thumbs/hdcs/12.jpg
Afterschool,https://res.cloudinary.com/vishwa-website/image/upload/q_20/v1473799143/gallery/images/hdcs/13.jpg,https://res.cloudinary.com/vishwa-website/image/upload/v1473800532/gallery/thumbs/hdcs/13.jpg
Afterschool,https://res.cloudinary.com/vishwa-website/image/upload/q_20/v1473799126/gallery/images/hdcs/14.jpg,https://res.cloudinary.com/vishwa-website/image/upload/v1473800533/gallery/thumbs/hdcs/14.jpg
Afterschool,https://res.cloudinary.com/vishwa-website/image/upload/q_20/v1473799124/gallery/images/hdcs/16.jpg,https://res.cloudinary.com/vishwa-website/image/upload/v1473800533/gallery/thumbs/hdcs/16.jpg