Childhood Memories,https://res.cloudinary.com/vishwa-website/image/upload/v1473798457/gallery/images/childhood/1.jpg
Childhood Memories,https://res.cloudinary.com/vishwa-website/image/upload/v1473798459/gallery/images/childhood/2.jpg
Childhood Memories,https://res.cloudinary.com/vishwa-website/image/upload/v1473798450/gallery/images/childhood/3.jpg
Childhood Memories,https://res.cloudinary.com/vishwa-website/image/upload/v1473798442/gallery/images/childhood/4.jpg
Childhood Memories,https://res.cloudinary.com/vishwa-website/image/upload/v1473798473/gallery/images/childhood/5.jpg
Childhood Memories,https://res.cloudinary.com/vishwa-website/image/upload/v1473798445/gallery/images/childhood/6.jpg
Childhood Memories,https://res.cloudinary.com/vishwa-website/image/upload/v1473798455/gallery/images/childhood/7.jpg
Childhood Memories,https://res.cloudinary.com/vishwa-website/image/upload/v1473798581/gallery/images/childhood/8.jpg
Childhood Memories,https://res.cloudinary.com/vishwa-website/image/upload/v1473798489/gallery/images/childhood/9.jpg
Childhood Memories,https://res.cloudinary.com/vishwa-website/image/upload/v1473798462/gallery/images/childhood/10.jpg
Childhood Memories,https://res.cloudinary.com/vishwa-website/image/upload/v1473798459/gallery/images/childhood/11.jpg
Childhood Memories,https://res.cloudinary.com/vishwa-website/image/upload/v1473798466/gallery/images/childhood/12.jpg
Childhood Memories,https://res.cloudinary.com/vishwa-website/image/upload/v1473798525/gallery/images/childhood/13.jpg
Childhood Memories,https://res.cloudinary.com/vishwa-website/image/upload/v1473798516/gallery/images/childhood/14.jpg
Childhood Memories,https://res.cloudinary.com/vishwa-website/image/upload/v1473798472/gallery/images/childhood/15.jpg
Childhood Memories,https://res.cloudinary.com/vishwa-website/image/upload/v1473798538/gallery/images/childhood/17.jpg
Childhood Memories,https://res.cloudinary.com/vishwa-website/image/upload/v1473798553/gallery/images/childhood/18.jpg
Childhood Memories,https://res.cloudinary.com/vishwa-website/image/upload/v1473798562/gallery/images/childhood/19.jpg
Childhood Memories,https://res.cloudinary.com/vishwa-website/image/upload/v1473798515/gallery/images/childhood/20.jpg
Childhood Memories,https://res.cloudinary.com/vishwa-website/image/upload/v1473798537/gallery/images/childhood/21.jpg
Childhood Memories,https://res.cloudinary.com/vishwa-website/image/upload/v1473798532/gallery/images/childhood/22.jpg
Childhood Memories,https://res.cloudinary.com/vishwa-website/image/upload/v1473798532/gallery/images/childhood/23.jpg
Childhood Memories,https://res.cloudinary.com/vishwa-website/image/upload/v1473798547/gallery/images/childhood/24.jpg
Childhood Memories,https://res.cloudinary.com/vishwa-website/image/upload/v1473798527/gallery/images/childhood/25.jpg
Childhood Memories,https://res.cloudinary.com/vishwa-website/image/upload/v1473798603/gallery/images/childhood/26.jpg
Childhood Memories,https://res.cloudinary.com/vishwa-website/image/upload/v1473798548/gallery/images/childhood/27.jpg
Childhood Memories,https://res.cloudinary.com/vishwa-website/image/upload/v1473798574/gallery/images/childhood/28.jpg
Childhood Memories,https://res.cloudinary.com/vishwa-website/image/upload/v1473798560/gallery/images/childhood/29.jpg
Childhood Memories,https://res.cloudinary.com/vishwa-website/image/upload/v1473798573/gallery/images/childhood/30.jpg
Childhood Memories,https://res.cloudinary.com/vishwa-website/image/upload/v1473798597/gallery/images/childhood/31.jpg
Childhood Memories,https://res.cloudinary.com/vishwa-website/image/upload/v1473798570/gallery/images/childhood/32.jpg
Childhood Memories,https://res.cloudinary.com/vishwa-website/image/upload/v1473798627/gallery/images/childhood/33.jpg
Childhood Memories,https://res.cloudinary.com/vishwa-website/image/upload/v1473798664/gallery/images/childhood/34.jpg
Childhood Memories,https://res.cloudinary.com/vishwa-website/image/upload/v1473798676/gallery/images/childhood/35.jpg
Childhood Memories,https://res.cloudinary.com/vishwa-website/image/upload/v1473798662/gallery/images/childhood/36.jpg
Childhood Memories,https://res.cloudinary.com/vishwa-website/image/upload/v1473798653/gallery/images/childhood/37.jpg
Childhood Memories,https://res.cloudinary.com/vishwa-website/image/upload/v1473798682/gallery/images/childhood/38.jpg
Childhood Memories,https://res.cloudinary.com/vishwa-website/image/upload/v1473798680/gallery/images/childhood/39.jpg
Childhood Memories,https://res.cloudinary.com/vishwa-website/image/upload/v1473798661/gallery/images/childhood/40.jpg
PreSchool Memories,https://res.cloudinary.com/vishwa-website/image/upload/v1473799857/gallery/images/preSchool/1.jpg
PreSchool Memories,https://res.cloudinary.com/vishwa-website/image/upload/v1473799864/gallery/images/preSchool/2.jpg
PreSchool Memories,https://res.cloudinary.com/vishwa-website/image/upload/v1473799898/gallery/images/preSchool/3.jpg
PreSchool Memories,https://res.cloudinary.com/vishwa-website/image/upload/v1473799911/gallery/images/preSchool/4.jpg
PreSchool Memories,https://res.cloudinary.com/vishwa-website/image/upload/v1473799819/gallery/images/preSchool/5.jpg
PreSchool Memories,https://res.cloudinary.com/vishwa-website/image/upload/v1473799830/gallery/images/preSchool/6.jpg
PreSchool Memories,https://res.cloudinary.com/vishwa-website/image/upload/v1473799817/gallery/images/preSchool/7.jpg
PreSchool Memories,https://res.cloudinary.com/vishwa-website/image/upload/v1473799780/gallery/images/preSchool/8.jpg
PreSchool Memories,https://res.cloudinary.com/vishwa-website/image/upload/v1473799823/gallery/images/preSchool/9.jpg
PreSchool Memories,https://res.cloudinary.com/vishwa-website/image/upload/v1473799871/gallery/images/preSchool/10.jpg
PreSchool Memories,https://res.cloudinary.com/vishwa-website/image/upload/v1473799851/gallery/images/preSchool/11.jpg
PreSchool Memories,https://res.cloudinary.com/vishwa-website/image/upload/v1473799891/gallery/images/preSchool/12.jpg
PreSchool Memories,https://res.cloudinary.com/vishwa-website/image/upload/v1473799831/gallery/images/preSchool/13.jpg
School Memories,https://res.cloudinary.com/vishwa-website/image/upload/v1473799981/gallery/images/school/1.jpg
School Memories,https://res.cloudinary.com/vishwa-website/image/upload/v1473799974/gallery/images/school/2.jpg
School Memories,https://res.cloudinary.com/vishwa-website/image/upload/v1473799980/gallery/images/school/3.jpg
School Memories,https://res.cloudinary.com/vishwa-website/image/upload/v1473799977/gallery/images/school/4.jpg
School Memories,https://res.cloudinary.com/vishwa-website/image/upload/v1473800036/gallery/images/school/5.jpg
School Memories,https://res.cloudinary.com/vishwa-website/image/upload/v1473800032/gallery/images/school/6.jpg
School Memories,https://res.cloudinary.com/vishwa-website/image/upload/v1473800006/gallery/images/school/7.jpg
School Memories,https://res.cloudinary.com/vishwa-website/image/upload/v1473800012/gallery/images/school/8.jpg
After school,https://res.cloudinary.com/vishwa-website/image/upload/v1473799126/gallery/images/hdcs/1.jpg
After school,https://res.cloudinary.com/vishwa-website/image/upload/v1473799139/gallery/images/hdcs/2.jpg
After school,https://res.cloudinary.com/vishwa-website/image/upload/v1473799149/gallery/images/hdcs/3.jpg
After school,https://res.cloudinary.com/vishwa-website/image/upload/v1473799128/gallery/images/hdcs/4.jpg
After school,https://res.cloudinary.com/vishwa-website/image/upload/v1473799150/gallery/images/hdcs/5.jpg
After school,https://res.cloudinary.com/vishwa-website/image/upload/v1473799116/gallery/images/hdcs/6.jpg
After school,https://res.cloudinary.com/vishwa-website/image/upload/v1473799120/gallery/images/hdcs/7.jpg
After school,https://res.cloudinary.com/vishwa-website/image/upload/v1473799120/gallery/images/hdcs/8.jpg
After school,https://res.cloudinary.com/vishwa-website/image/upload/v1473799121/gallery/images/hdcs/9.jpg
After school,https://res.cloudinary.com/vishwa-website/image/upload/v1473799125/gallery/images/hdcs/10.jpg
After school,https://res.cloudinary.com/vishwa-website/image/upload/v1473799122/gallery/images/hdcs/11.jpg
After school,https://res.cloudinary.com/vishwa-website/image/upload/v1473799140/gallery/images/hdcs/12.jpg
After school,https://res.cloudinary.com/vishwa-website/image/upload/v1473799143/gallery/images/hdcs/13.jpg
After school,https://res.cloudinary.com/vishwa-website/image/upload/v1473799126/gallery/images/hdcs/14.jpg
After school,https://res.cloudinary.com/vishwa-website/image/upload/v1473799124/gallery/images/hdcs/16.jpg
Passing out @ Police Training school,https://res.cloudinary.com/vishwa-website/image/upload/v1755956324/gallery/images/Passing-Out/Passing-out-01.jpg
Passing out @ Police Training school,https://res.cloudinary.com/vishwa-website/image/upload/v1755956348/gallery/images/Passing-Out/Passing-out-02.jpg
Passing out @ Police Training school,https://res.cloudinary.com/vishwa-website/image/upload/v1755956558/gallery/images/Passing-Out/Passing-out-03.jpg
Passing out @ Police Training school,https://res.cloudinary.com/vishwa-website/image/upload/v1755956422/gallery/images/Passing-Out/Passing-out-04.jpg
Passing out @ Police Training school,https://res.cloudinary.com/vishwa-website/image/upload/v1755956308/gallery/images/Passing-Out/Passing-out-05.jpg
Passing out @ Police Training school,https://res.cloudinary.com/vishwa-website/image/upload/v1755956309/gallery/images/Passing-Out/Passing-out-06.jpg
Passing out @ Police Training school,https://res.cloudinary.com/vishwa-website/image/upload/v1755956310/gallery/images/Passing-Out/Passing-out-07.jpg
Passing out @ Police Training school,https://res.cloudinary.com/vishwa-website/image/upload/v1755956324/gallery/images/Passing-Out/Passing-out-08.jpg
Passing out @ Police Training school,https://res.cloudinary.com/vishwa-website/image/upload/v1755956338/gallery/images/Passing-Out/Passing-out-09.jpg
Passing out @ Police Training school,https://res.cloudinary.com/vishwa-website/image/upload/v1755956333/gallery/images/Passing-Out/Passing-out-10.jpg
Passing out @ Police Training school,https://res.cloudinary.com/vishwa-website/image/upload/v1755956326/gallery/images/Passing-Out/Passing-out-11.jpg
Passing out @ Police Training school,https://res.cloudinary.com/vishwa-website/video/upload/v1755956575/gallery/images/Passing-Out/Passing-out-vid-1.mp4
Passing out @ Police Training school,https://res.cloudinary.com/vishwa-website/video/upload/v1755956913/gallery/images/Passing-Out/Passing-out-vid-2.mov